Entity,Income class,Severe Wasting,Wasting,Overweight,Stunting,Underweight,U5 Population ('000s)
Sudan,0,11.4,23.65,8.45,33.75,30.1,1459.2625
Japan,3,0.2,2.3,1.5,7.1,3.4,5554.144
Chad,0,5.5,15.24,3.04,41.26,31.4,2024.2904
Ethiopia,0,3.016666667,9.957142857,2.75,47.84285714,31.05714286,13942.34557
Madagascar,0,2.24,9.957142857,2.5,52.575,34.31428571,2932.9285
